biblioteca,arquivo,caminho,repeticao,status,tempo_segundos,paginas,tamanho_bytes,caracteres,palavras,linhas,arquivo_saida,erro_tipo,erro_mensagem
pymupdf,Guia_Docentes_-_Solicitaes_Sistemas_FURG.pdf,/home/demarco/Desktop/TCC/Trabalho_de_Graduacao/data/documents/Guia_Docentes_-_Solicitaes_Sistemas_FURG.pdf,1,sucesso,0.0022579999931622297,2,166271,897,133,47,/home/demarco/Desktop/TCC/Trabalho_de_Graduacao/results/extractor_benchmark/extracted_texts/pymupdf/Guia_Docentes_-_Solicitaes_Sistemas_FURG.txt,,
pymupdf,Guia_Docentes_-_Solicitaes_Sistemas_FURG.pdf,/home/demarco/Desktop/TCC/Trabalho_de_Graduacao/data/documents/Guia_Docentes_-_Solicitaes_Sistemas_FURG.pdf,2,sucesso,0.0023327849921770394,2,166271,897,133,47,,,
pymupdf,Guia_Docentes_-_Solicitaes_Sistemas_FURG.pdf,/home/demarco/Desktop/TCC/Trabalho_de_Graduacao/data/documents/Guia_Docentes_-_Solicitaes_Sistemas_FURG.pdf,3,sucesso,0.0022101290087448433,2,166271,897,133,47,,,
pymupdf,Guia_Docentes_-_Solicitaes_Sistemas_FURG.pdf,/home/demarco/Desktop/TCC/Trabalho_de_Graduacao/data/documents/Guia_Docentes_-_Solicitaes_Sistemas_FURG.pdf,4,sucesso,0.0022080350026953965,2,166271,897,133,47,,,
pymupdf,Guia_Docentes_-_Solicitaes_Sistemas_FURG.pdf,/home/demarco/Desktop/TCC/Trabalho_de_Graduacao/data/documents/Guia_Docentes_-_Solicitaes_Sistemas_FURG.pdf,5,sucesso,0.002158587987651117,2,166271,897,133,47,,,
pymupdf,Manual_de_Procedimentos_PPGComppptx_1.pdf,/home/demarco/Desktop/TCC/Trabalho_de_Graduacao/data/documents/Manual_de_Procedimentos_PPGComppptx_1.pdf,1,sucesso,0.011647583000012673,21,574475,11920,1793,335,/home/demarco/Desktop/TCC/Trabalho_de_Graduacao/results/extractor_benchmark/extracted_texts/pymupdf/Manual_de_Procedimentos_PPGComppptx_1.txt,,
pymupdf,Manual_de_Procedimentos_PPGComppptx_1.pdf,/home/demarco/Desktop/TCC/Trabalho_de_Graduacao/data/documents/Manual_de_Procedimentos_PPGComppptx_1.pdf,2,sucesso,0.00846049799292814,21,574475,11920,1793,335,,,
pymupdf,Manual_de_Procedimentos_PPGComppptx_1.pdf,/home/demarco/Desktop/TCC/Trabalho_de_Graduacao/data/documents/Manual_de_Procedimentos_PPGComppptx_1.pdf,3,sucesso,0.00843961100326851,21,574475,11920,1793,335,,,
pymupdf,Manual_de_Procedimentos_PPGComppptx_1.pdf,/home/demarco/Desktop/TCC/Trabalho_de_Graduacao/data/documents/Manual_de_Procedimentos_PPGComppptx_1.pdf,4,sucesso,0.00830279900401365,21,574475,11920,1793,335,,,
pymupdf,Manual_de_Procedimentos_PPGComppptx_1.pdf,/home/demarco/Desktop/TCC/Trabalho_de_Graduacao/data/documents/Manual_de_Procedimentos_PPGComppptx_1.pdf,5,sucesso,0.008510013009072281,21,574475,11920,1793,335,,,
pymupdf,PPC-SI-2023_Finalizado.pdf,/home/demarco/Desktop/TCC/Trabalho_de_Graduacao/data/documents/PPC-SI-2023_Finalizado.pdf,1,sucesso,0.03091836700332351,48,418820,82436,11957,1913,/home/demarco/Desktop/TCC/Trabalho_de_Graduacao/results/extractor_benchmark/extracted_texts/pymupdf/PPC-SI-2023_Finalizado.txt,,
pymupdf,PPC-SI-2023_Finalizado.pdf,/home/demarco/Desktop/TCC/Trabalho_de_Graduacao/data/documents/PPC-SI-2023_Finalizado.pdf,2,sucesso,0.03060852900671307,48,418820,82436,11957,1913,,,
pymupdf,PPC-SI-2023_Finalizado.pdf,/home/demarco/Desktop/TCC/Trabalho_de_Graduacao/data/documents/PPC-SI-2023_Finalizado.pdf,3,sucesso,0.030280582010163926,48,418820,82436,11957,1913,,,
pymupdf,PPC-SI-2023_Finalizado.pdf,/home/demarco/Desktop/TCC/Trabalho_de_Graduacao/data/documents/PPC-SI-2023_Finalizado.pdf,4,sucesso,0.03011970101215411,48,418820,82436,11957,1913,,,
pymupdf,PPC-SI-2023_Finalizado.pdf,/home/demarco/Desktop/TCC/Trabalho_de_Graduacao/data/documents/PPC-SI-2023_Finalizado.pdf,5,sucesso,0.030263968001236208,48,418820,82436,11957,1913,,,
pymupdf,PPCErobos.pdf,/home/demarco/Desktop/TCC/Trabalho_de_Graduacao/data/documents/PPCErobos.pdf,1,sucesso,0.14459784800419584,125,1830579,230628,31055,4647,/home/demarco/Desktop/TCC/Trabalho_de_Graduacao/results/extractor_benchmark/extracted_texts/pymupdf/PPCErobos.txt,,
pymupdf,PPCErobos.pdf,/home/demarco/Desktop/TCC/Trabalho_de_Graduacao/data/documents/PPCErobos.pdf,2,sucesso,0.13554167600523215,125,1830579,230628,31055,4647,,,
pymupdf,PPCErobos.pdf,/home/demarco/Desktop/TCC/Trabalho_de_Graduacao/data/documents/PPCErobos.pdf,3,sucesso,0.13823996600694954,125,1830579,230628,31055,4647,,,
pymupdf,PPCErobos.pdf,/home/demarco/Desktop/TCC/Trabalho_de_Graduacao/data/documents/PPCErobos.pdf,4,sucesso,0.13711781999154482,125,1830579,230628,31055,4647,,,
pymupdf,PPCErobos.pdf,/home/demarco/Desktop/TCC/Trabalho_de_Graduacao/data/documents/PPCErobos.pdf,5,sucesso,0.1375830340111861,125,1830579,230628,31055,4647,,,
pymupdf,PPC_EAuto_2023 (2).pdf,/home/demarco/Desktop/TCC/Trabalho_de_Graduacao/data/documents/PPC_EAuto_2023 (2).pdf,1,sucesso,0.036967810010537505,62,489200,87269,12522,2532,/home/demarco/Desktop/TCC/Trabalho_de_Graduacao/results/extractor_benchmark/extracted_texts/pymupdf/PPC_EAuto_2023 (2).txt,,
pymupdf,PPC_EAuto_2023 (2).pdf,/home/demarco/Desktop/TCC/Trabalho_de_Graduacao/data/documents/PPC_EAuto_2023 (2).pdf,2,sucesso,0.035213761002523825,62,489200,87269,12522,2532,,,
pymupdf,PPC_EAuto_2023 (2).pdf,/home/demarco/Desktop/TCC/Trabalho_de_Graduacao/data/documents/PPC_EAuto_2023 (2).pdf,3,sucesso,0.035600770002929494,62,489200,87269,12522,2532,,,
pymupdf,PPC_EAuto_2023 (2).pdf,/home/demarco/Desktop/TCC/Trabalho_de_Graduacao/data/documents/PPC_EAuto_2023 (2).pdf,4,sucesso,0.03546805299993139,62,489200,87269,12522,2532,,,
pymupdf,PPC_EAuto_2023 (2).pdf,/home/demarco/Desktop/TCC/Trabalho_de_Graduacao/data/documents/PPC_EAuto_2023 (2).pdf,5,sucesso,0.03527242499694694,62,489200,87269,12522,2532,,,
pymupdf,PPC_ENG_COMPUTACAO_BACH_2023.pdf,/home/demarco/Desktop/TCC/Trabalho_de_Graduacao/data/documents/PPC_ENG_COMPUTACAO_BACH_2023.pdf,1,sucesso,0.037320814008126035,67,497343,97596,14052,2534,/home/demarco/Desktop/TCC/Trabalho_de_Graduacao/results/extractor_benchmark/extracted_texts/pymupdf/PPC_ENG_COMPUTACAO_BACH_2023.txt,,
pymupdf,PPC_ENG_COMPUTACAO_BACH_2023.pdf,/home/demarco/Desktop/TCC/Trabalho_de_Graduacao/data/documents/PPC_ENG_COMPUTACAO_BACH_2023.pdf,2,sucesso,0.0361491359944921,67,497343,97596,14052,2534,,,
pymupdf,PPC_ENG_COMPUTACAO_BACH_2023.pdf,/home/demarco/Desktop/TCC/Trabalho_de_Graduacao/data/documents/PPC_ENG_COMPUTACAO_BACH_2023.pdf,3,sucesso,0.03617180199944414,67,497343,97596,14052,2534,,,
pymupdf,PPC_ENG_COMPUTACAO_BACH_2023.pdf,/home/demarco/Desktop/TCC/Trabalho_de_Graduacao/data/documents/PPC_ENG_COMPUTACAO_BACH_2023.pdf,4,sucesso,0.03610262100119144,67,497343,97596,14052,2534,,,
pymupdf,PPC_ENG_COMPUTACAO_BACH_2023.pdf,/home/demarco/Desktop/TCC/Trabalho_de_Graduacao/data/documents/PPC_ENG_COMPUTACAO_BACH_2023.pdf,5,sucesso,0.036523278991808183,67,497343,97596,14052,2534,,,
pymupdf,Projetos_e_convenios.pdf,/home/demarco/Desktop/TCC/Trabalho_de_Graduacao/data/documents/Projetos_e_convenios.pdf,1,sucesso,0.005076048997580074,4,164581,5337,777,128,/home/demarco/Desktop/TCC/Trabalho_de_Graduacao/results/extractor_benchmark/extracted_texts/pymupdf/Projetos_e_convenios.txt,,
pymupdf,Projetos_e_convenios.pdf,/home/demarco/Desktop/TCC/Trabalho_de_Graduacao/data/documents/Projetos_e_convenios.pdf,2,sucesso,0.0038368990062735975,4,164581,5337,777,128,,,
pymupdf,Projetos_e_convenios.pdf,/home/demarco/Desktop/TCC/Trabalho_de_Graduacao/data/documents/Projetos_e_convenios.pdf,3,sucesso,0.0038812470011180267,4,164581,5337,777,128,,,
pymupdf,Projetos_e_convenios.pdf,/home/demarco/Desktop/TCC/Trabalho_de_Graduacao/data/documents/Projetos_e_convenios.pdf,4,sucesso,0.003984773997217417,4,164581,5337,777,128,,,
pymupdf,Projetos_e_convenios.pdf,/home/demarco/Desktop/TCC/Trabalho_de_Graduacao/data/documents/Projetos_e_convenios.pdf,5,sucesso,0.0038994149945210665,4,164581,5337,777,128,,,
pymupdf,SEI_0116459_Ato_13.pdf,/home/demarco/Desktop/TCC/Trabalho_de_Graduacao/data/documents/SEI_0116459_Ato_13.pdf,1,sucesso,0.0025827079953160137,2,49782,2536,371,58,/home/demarco/Desktop/TCC/Trabalho_de_Graduacao/results/extractor_benchmark/extracted_texts/pymupdf/SEI_0116459_Ato_13.txt,,
pymupdf,SEI_0116459_Ato_13.pdf,/home/demarco/Desktop/TCC/Trabalho_de_Graduacao/data/documents/SEI_0116459_Ato_13.pdf,2,sucesso,0.002632927004015073,2,49782,2536,371,58,,,
pymupdf,SEI_0116459_Ato_13.pdf,/home/demarco/Desktop/TCC/Trabalho_de_Graduacao/data/documents/SEI_0116459_Ato_13.pdf,3,sucesso,0.0026128440076718107,2,49782,2536,371,58,,,
pymupdf,SEI_0116459_Ato_13.pdf,/home/demarco/Desktop/TCC/Trabalho_de_Graduacao/data/documents/SEI_0116459_Ato_13.pdf,4,sucesso,0.0026632710068952292,2,49782,2536,371,58,,,
pymupdf,SEI_0116459_Ato_13.pdf,/home/demarco/Desktop/TCC/Trabalho_de_Graduacao/data/documents/SEI_0116459_Ato_13.pdf,5,sucesso,0.0026901940000243485,2,49782,2536,371,58,,,
pymupdf,SEI_0118306_Ato_14.pdf,/home/demarco/Desktop/TCC/Trabalho_de_Graduacao/data/documents/SEI_0118306_Ato_14.pdf,1,sucesso,0.0030671239946968853,2,50792,3744,562,73,/home/demarco/Desktop/TCC/Trabalho_de_Graduacao/results/extractor_benchmark/extracted_texts/pymupdf/SEI_0118306_Ato_14.txt,,
pymupdf,SEI_0118306_Ato_14.pdf,/home/demarco/Desktop/TCC/Trabalho_de_Graduacao/data/documents/SEI_0118306_Ato_14.pdf,2,sucesso,0.0030078830022830516,2,50792,3744,562,73,,,
pymupdf,SEI_0118306_Ato_14.pdf,/home/demarco/Desktop/TCC/Trabalho_de_Graduacao/data/documents/SEI_0118306_Ato_14.pdf,3,sucesso,0.002986880994285457,2,50792,3744,562,73,,,
pymupdf,SEI_0118306_Ato_14.pdf,/home/demarco/Desktop/TCC/Trabalho_de_Graduacao/data/documents/SEI_0118306_Ato_14.pdf,4,sucesso,0.0030492160003632307,2,50792,3744,562,73,,,
pymupdf,SEI_0118306_Ato_14.pdf,/home/demarco/Desktop/TCC/Trabalho_de_Graduacao/data/documents/SEI_0118306_Ato_14.pdf,5,sucesso,0.0030313089955598116,2,50792,3744,562,73,,,
pymupdf,SEI_0379082_Ato_1.pdf,/home/demarco/Desktop/TCC/Trabalho_de_Graduacao/data/documents/SEI_0379082_Ato_1.pdf,1,sucesso,0.0035194700030842796,2,62513,3317,514,88,/home/demarco/Desktop/TCC/Trabalho_de_Graduacao/results/extractor_benchmark/extracted_texts/pymupdf/SEI_0379082_Ato_1.txt,,
pymupdf,SEI_0379082_Ato_1.pdf,/home/demarco/Desktop/TCC/Trabalho_de_Graduacao/data/documents/SEI_0379082_Ato_1.pdf,2,sucesso,0.0035491119924699888,2,62513,3317,514,88,,,
pymupdf,SEI_0379082_Ato_1.pdf,/home/demarco/Desktop/TCC/Trabalho_de_Graduacao/data/documents/SEI_0379082_Ato_1.pdf,3,sucesso,0.0034848579962272197,2,62513,3317,514,88,,,
pymupdf,SEI_0379082_Ato_1.pdf,/home/demarco/Desktop/TCC/Trabalho_de_Graduacao/data/documents/SEI_0379082_Ato_1.pdf,4,sucesso,0.0034793070080922917,2,62513,3317,514,88,,,
pymupdf,SEI_0379082_Ato_1.pdf,/home/demarco/Desktop/TCC/Trabalho_de_Graduacao/data/documents/SEI_0379082_Ato_1.pdf,5,sucesso,0.003507457993691787,2,62513,3317,514,88,,,
pymupdf,SEI_0636095_Ato_3.pdf,/home/demarco/Desktop/TCC/Trabalho_de_Graduacao/data/documents/SEI_0636095_Ato_3.pdf,1,sucesso,0.008166051004081964,7,80209,17410,2594,311,/home/demarco/Desktop/TCC/Trabalho_de_Graduacao/results/extractor_benchmark/extracted_texts/pymupdf/SEI_0636095_Ato_3.txt,,
pymupdf,SEI_0636095_Ato_3.pdf,/home/demarco/Desktop/TCC/Trabalho_de_Graduacao/data/documents/SEI_0636095_Ato_3.pdf,2,sucesso,0.008181047000107355,7,80209,17410,2594,311,,,
pymupdf,SEI_0636095_Ato_3.pdf,/home/demarco/Desktop/TCC/Trabalho_de_Graduacao/data/documents/SEI_0636095_Ato_3.pdf,3,sucesso,0.008154146009474061,7,80209,17410,2594,311,,,
pymupdf,SEI_0636095_Ato_3.pdf,/home/demarco/Desktop/TCC/Trabalho_de_Graduacao/data/documents/SEI_0636095_Ato_3.pdf,4,sucesso,0.00811710899870377,7,80209,17410,2594,311,,,
pymupdf,SEI_0636095_Ato_3.pdf,/home/demarco/Desktop/TCC/Trabalho_de_Graduacao/data/documents/SEI_0636095_Ato_3.pdf,5,sucesso,0.00823971199861262,7,80209,17410,2594,311,,,
pymupdf,manual_sistema_de_agendamentos.pdf,/home/demarco/Desktop/TCC/Trabalho_de_Graduacao/data/documents/manual_sistema_de_agendamentos.pdf,1,sucesso,0.014946604991564527,14,1786438,9072,1127,252,/home/demarco/Desktop/TCC/Trabalho_de_Graduacao/results/extractor_benchmark/extracted_texts/pymupdf/manual_sistema_de_agendamentos.txt,,
pymupdf,manual_sistema_de_agendamentos.pdf,/home/demarco/Desktop/TCC/Trabalho_de_Graduacao/data/documents/manual_sistema_de_agendamentos.pdf,2,sucesso,0.0068027920060558245,14,1786438,9072,1127,252,,,
pymupdf,manual_sistema_de_agendamentos.pdf,/home/demarco/Desktop/TCC/Trabalho_de_Graduacao/data/documents/manual_sistema_de_agendamentos.pdf,3,sucesso,0.006866369003546424,14,1786438,9072,1127,252,,,
pymupdf,manual_sistema_de_agendamentos.pdf,/home/demarco/Desktop/TCC/Trabalho_de_Graduacao/data/documents/manual_sistema_de_agendamentos.pdf,4,sucesso,0.0068529589916579425,14,1786438,9072,1127,252,,,
pymupdf,manual_sistema_de_agendamentos.pdf,/home/demarco/Desktop/TCC/Trabalho_de_Graduacao/data/documents/manual_sistema_de_agendamentos.pdf,5,sucesso,0.006976012999075465,14,1786438,9072,1127,252,,,
pymupdf,manual_vpn_c3.pdf,/home/demarco/Desktop/TCC/Trabalho_de_Graduacao/data/documents/manual_vpn_c3.pdf,1,sucesso,0.007312803994864225,14,857656,6471,1086,230,/home/demarco/Desktop/TCC/Trabalho_de_Graduacao/results/extractor_benchmark/extracted_texts/pymupdf/manual_vpn_c3.txt,,
pymupdf,manual_vpn_c3.pdf,/home/demarco/Desktop/TCC/Trabalho_de_Graduacao/data/documents/manual_vpn_c3.pdf,2,sucesso,0.007397599998512305,14,857656,6471,1086,230,,,
pymupdf,manual_vpn_c3.pdf,/home/demarco/Desktop/TCC/Trabalho_de_Graduacao/data/documents/manual_vpn_c3.pdf,3,sucesso,0.007430564990499988,14,857656,6471,1086,230,,,
pymupdf,manual_vpn_c3.pdf,/home/demarco/Desktop/TCC/Trabalho_de_Graduacao/data/documents/manual_vpn_c3.pdf,4,sucesso,0.007397280991426669,14,857656,6471,1086,230,,,
pymupdf,manual_vpn_c3.pdf,/home/demarco/Desktop/TCC/Trabalho_de_Graduacao/data/documents/manual_vpn_c3.pdf,5,sucesso,0.007452573991031386,14,857656,6471,1086,230,,,
pymupdf,normaeventoproapdiscente_2.pdf,/home/demarco/Desktop/TCC/Trabalho_de_Graduacao/data/documents/normaeventoproapdiscente_2.pdf,1,sucesso,0.0031936570012476295,2,66833,1990,288,208,/home/demarco/Desktop/TCC/Trabalho_de_Graduacao/results/extractor_benchmark/extracted_texts/pymupdf/normaeventoproapdiscente_2.txt,,
pymupdf,normaeventoproapdiscente_2.pdf,/home/demarco/Desktop/TCC/Trabalho_de_Graduacao/data/documents/normaeventoproapdiscente_2.pdf,2,sucesso,0.0030851409974275157,2,66833,1990,288,208,,,
pymupdf,normaeventoproapdiscente_2.pdf,/home/demarco/Desktop/TCC/Trabalho_de_Graduacao/data/documents/normaeventoproapdiscente_2.pdf,3,sucesso,0.0031060260080266744,2,66833,1990,288,208,,,
pymupdf,normaeventoproapdiscente_2.pdf,/home/demarco/Desktop/TCC/Trabalho_de_Graduacao/data/documents/normaeventoproapdiscente_2.pdf,4,sucesso,0.0031283909920603037,2,66833,1990,288,208,,,
pymupdf,normaeventoproapdiscente_2.pdf,/home/demarco/Desktop/TCC/Trabalho_de_Graduacao/data/documents/normaeventoproapdiscente_2.pdf,5,sucesso,0.0031756059906911105,2,66833,1990,288,208,,,
pymupdf,normaseminariodeandamento.pdf,/home/demarco/Desktop/TCC/Trabalho_de_Graduacao/data/documents/normaseminariodeandamento.pdf,1,sucesso,0.003729964009835385,2,83427,2770,398,326,/home/demarco/Desktop/TCC/Trabalho_de_Graduacao/results/extractor_benchmark/extracted_texts/pymupdf/normaseminariodeandamento.txt,,
pymupdf,normaseminariodeandamento.pdf,/home/demarco/Desktop/TCC/Trabalho_de_Graduacao/data/documents/normaseminariodeandamento.pdf,2,sucesso,0.0036342279927339405,2,83427,2770,398,326,,,
pymupdf,normaseminariodeandamento.pdf,/home/demarco/Desktop/TCC/Trabalho_de_Graduacao/data/documents/normaseminariodeandamento.pdf,3,sucesso,0.0037051270046504214,2,83427,2770,398,326,,,
pymupdf,normaseminariodeandamento.pdf,/home/demarco/Desktop/TCC/Trabalho_de_Graduacao/data/documents/normaseminariodeandamento.pdf,4,sucesso,0.003837901007500477,2,83427,2770,398,326,,,
pymupdf,normaseminariodeandamento.pdf,/home/demarco/Desktop/TCC/Trabalho_de_Graduacao/data/documents/normaseminariodeandamento.pdf,5,sucesso,0.003615908994106576,2,83427,2770,398,326,,,
pymupdf,regimento_c3.pdf,/home/demarco/Desktop/TCC/Trabalho_de_Graduacao/data/documents/regimento_c3.pdf,1,sucesso,0.1747644080023747,6,3166271,0,0,0,/home/demarco/Desktop/TCC/Trabalho_de_Graduacao/results/extractor_benchmark/extracted_texts/pymupdf/regimento_c3.txt,,
pymupdf,regimento_c3.pdf,/home/demarco/Desktop/TCC/Trabalho_de_Graduacao/data/documents/regimento_c3.pdf,2,sucesso,0.17009748698910698,6,3166271,0,0,0,,,
pymupdf,regimento_c3.pdf,/home/demarco/Desktop/TCC/Trabalho_de_Graduacao/data/documents/regimento_c3.pdf,3,sucesso,0.16885892099526245,6,3166271,0,0,0,,,
pymupdf,regimento_c3.pdf,/home/demarco/Desktop/TCC/Trabalho_de_Graduacao/data/documents/regimento_c3.pdf,4,sucesso,0.16900748400075827,6,3166271,0,0,0,,,
pymupdf,regimento_c3.pdf,/home/demarco/Desktop/TCC/Trabalho_de_Graduacao/data/documents/regimento_c3.pdf,5,sucesso,0.17021067898895126,6,3166271,0,0,0,,,
pymupdf,regulamento.pdf,/home/demarco/Desktop/TCC/Trabalho_de_Graduacao/data/documents/regulamento.pdf,1,sucesso,0.005151453995495103,2,29972,5234,812,226,/home/demarco/Desktop/TCC/Trabalho_de_Graduacao/results/extractor_benchmark/extracted_texts/pymupdf/regulamento.txt,,
pymupdf,regulamento.pdf,/home/demarco/Desktop/TCC/Trabalho_de_Graduacao/data/documents/regulamento.pdf,2,sucesso,0.0046192339941626415,2,29972,5234,812,226,,,
pymupdf,regulamento.pdf,/home/demarco/Desktop/TCC/Trabalho_de_Graduacao/data/documents/regulamento.pdf,3,sucesso,0.004571174009470269,2,29972,5234,812,226,,,
pymupdf,regulamento.pdf,/home/demarco/Desktop/TCC/Trabalho_de_Graduacao/data/documents/regulamento.pdf,4,sucesso,0.004766276004374959,2,29972,5234,812,226,,,
pymupdf,regulamento.pdf,/home/demarco/Desktop/TCC/Trabalho_de_Graduacao/data/documents/regulamento.pdf,5,sucesso,0.0045148200006224215,2,29972,5234,812,226,,,
docling,Guia_Docentes_-_Solicitaes_Sistemas_FURG.pdf,/home/demarco/Desktop/TCC/Trabalho_de_Graduacao/data/documents/Guia_Docentes_-_Solicitaes_Sistemas_FURG.pdf,1,sucesso,0.9516974139987724,2,166271,886,133,26,/home/demarco/Desktop/TCC/Trabalho_de_Graduacao/results/extractor_benchmark/extracted_texts/docling/Guia_Docentes_-_Solicitaes_Sistemas_FURG.txt,,
docling,Guia_Docentes_-_Solicitaes_Sistemas_FURG.pdf,/home/demarco/Desktop/TCC/Trabalho_de_Graduacao/data/documents/Guia_Docentes_-_Solicitaes_Sistemas_FURG.pdf,2,sucesso,0.9456005829997594,2,166271,886,133,26,,,
docling,Guia_Docentes_-_Solicitaes_Sistemas_FURG.pdf,/home/demarco/Desktop/TCC/Trabalho_de_Graduacao/data/documents/Guia_Docentes_-_Solicitaes_Sistemas_FURG.pdf,3,sucesso,0.988219808001304,2,166271,886,133,26,,,
docling,Guia_Docentes_-_Solicitaes_Sistemas_FURG.pdf,/home/demarco/Desktop/TCC/Trabalho_de_Graduacao/data/documents/Guia_Docentes_-_Solicitaes_Sistemas_FURG.pdf,4,sucesso,0.9765429149992997,2,166271,886,133,26,,,
docling,Guia_Docentes_-_Solicitaes_Sistemas_FURG.pdf,/home/demarco/Desktop/TCC/Trabalho_de_Graduacao/data/documents/Guia_Docentes_-_Solicitaes_Sistemas_FURG.pdf,5,sucesso,0.9721764379937667,2,166271,886,133,26,,,
docling,Manual_de_Procedimentos_PPGComppptx_1.pdf,/home/demarco/Desktop/TCC/Trabalho_de_Graduacao/data/documents/Manual_de_Procedimentos_PPGComppptx_1.pdf,1,sucesso,22.869990609004162,21,574475,12204,1775,312,/home/demarco/Desktop/TCC/Trabalho_de_Graduacao/results/extractor_benchmark/extracted_texts/docling/Manual_de_Procedimentos_PPGComppptx_1.txt,,
docling,Manual_de_Procedimentos_PPGComppptx_1.pdf,/home/demarco/Desktop/TCC/Trabalho_de_Graduacao/data/documents/Manual_de_Procedimentos_PPGComppptx_1.pdf,2,sucesso,9.721805260996916,21,574475,12204,1775,312,,,
docling,Manual_de_Procedimentos_PPGComppptx_1.pdf,/home/demarco/Desktop/TCC/Trabalho_de_Graduacao/data/documents/Manual_de_Procedimentos_PPGComppptx_1.pdf,3,sucesso,11.275091282994254,21,574475,12204,1775,312,,,
docling,Manual_de_Procedimentos_PPGComppptx_1.pdf,/home/demarco/Desktop/TCC/Trabalho_de_Graduacao/data/documents/Manual_de_Procedimentos_PPGComppptx_1.pdf,4,sucesso,9.690361336994101,21,574475,12204,1775,312,,,
docling,Manual_de_Procedimentos_PPGComppptx_1.pdf,/home/demarco/Desktop/TCC/Trabalho_de_Graduacao/data/documents/Manual_de_Procedimentos_PPGComppptx_1.pdf,5,sucesso,10.286942255988833,21,574475,12204,1775,312,,,
docling,PPC-SI-2023_Finalizado.pdf,/home/demarco/Desktop/TCC/Trabalho_de_Graduacao/data/documents/PPC-SI-2023_Finalizado.pdf,1,sucesso,24.393853079993278,48,418820,84183,12012,2619,/home/demarco/Desktop/TCC/Trabalho_de_Graduacao/results/extractor_benchmark/extracted_texts/docling/PPC-SI-2023_Finalizado.txt,,
docling,PPC-SI-2023_Finalizado.pdf,/home/demarco/Desktop/TCC/Trabalho_de_Graduacao/data/documents/PPC-SI-2023_Finalizado.pdf,2,sucesso,24.71111533899966,48,418820,84183,12012,2619,,,
docling,PPC-SI-2023_Finalizado.pdf,/home/demarco/Desktop/TCC/Trabalho_de_Graduacao/data/documents/PPC-SI-2023_Finalizado.pdf,3,sucesso,24.694566619000398,48,418820,84183,12012,2619,,,
docling,PPC-SI-2023_Finalizado.pdf,/home/demarco/Desktop/TCC/Trabalho_de_Graduacao/data/documents/PPC-SI-2023_Finalizado.pdf,4,sucesso,25.216200655995635,48,418820,84183,12012,2619,,,
docling,PPC-SI-2023_Finalizado.pdf,/home/demarco/Desktop/TCC/Trabalho_de_Graduacao/data/documents/PPC-SI-2023_Finalizado.pdf,5,sucesso,25.9809346460097,48,418820,84183,12012,2619,,,
docling,PPCErobos.pdf,/home/demarco/Desktop/TCC/Trabalho_de_Graduacao/data/documents/PPCErobos.pdf,1,sucesso,65.3014300979994,125,1830579,258106,31153,4017,/home/demarco/Desktop/TCC/Trabalho_de_Graduacao/results/extractor_benchmark/extracted_texts/docling/PPCErobos.txt,,
docling,PPCErobos.pdf,/home/demarco/Desktop/TCC/Trabalho_de_Graduacao/data/documents/PPCErobos.pdf,2,sucesso,65.33047207500204,125,1830579,258106,31153,4017,,,
docling,PPCErobos.pdf,/home/demarco/Desktop/TCC/Trabalho_de_Graduacao/data/documents/PPCErobos.pdf,3,sucesso,64.83545298399986,125,1830579,258106,31153,4017,,,
docling,PPCErobos.pdf,/home/demarco/Desktop/TCC/Trabalho_de_Graduacao/data/documents/PPCErobos.pdf,4,sucesso,65.38533487899986,125,1830579,258106,31153,4017,,,
docling,PPCErobos.pdf,/home/demarco/Desktop/TCC/Trabalho_de_Graduacao/data/documents/PPCErobos.pdf,5,sucesso,65.4603671579971,125,1830579,258106,31153,4017,,,
docling,PPC_EAuto_2023 (2).pdf,/home/demarco/Desktop/TCC/Trabalho_de_Graduacao/data/documents/PPC_EAuto_2023 (2).pdf,1,sucesso,31.652723282008083,62,489200,99521,12821,3103,/home/demarco/Desktop/TCC/Trabalho_de_Graduacao/results/extractor_benchmark/extracted_texts/docling/PPC_EAuto_2023 (2).txt,,
docling,PPC_EAuto_2023 (2).pdf,/home/demarco/Desktop/TCC/Trabalho_de_Graduacao/data/documents/PPC_EAuto_2023 (2).pdf,2,sucesso,32.087395737995394,62,489200,99521,12821,3103,,,
docling,PPC_EAuto_2023 (2).pdf,/home/demarco/Desktop/TCC/Trabalho_de_Graduacao/data/documents/PPC_EAuto_2023 (2).pdf,3,sucesso,31.660432119999314,62,489200,99521,12821,3103,,,
docling,PPC_EAuto_2023 (2).pdf,/home/demarco/Desktop/TCC/Trabalho_de_Graduacao/data/documents/PPC_EAuto_2023 (2).pdf,4,sucesso,32.097444973987876,62,489200,99521,12821,3103,,,
docling,PPC_EAuto_2023 (2).pdf,/home/demarco/Desktop/TCC/Trabalho_de_Graduacao/data/documents/PPC_EAuto_2023 (2).pdf,5,sucesso,32.315835342000355,62,489200,99521,12821,3103,,,
docling,PPC_ENG_COMPUTACAO_BACH_2023.pdf,/home/demarco/Desktop/TCC/Trabalho_de_Graduacao/data/documents/PPC_ENG_COMPUTACAO_BACH_2023.pdf,1,sucesso,34.56714072500472,67,497343,99901,14064,3460,/home/demarco/Desktop/TCC/Trabalho_de_Graduacao/results/extractor_benchmark/extracted_texts/docling/PPC_ENG_COMPUTACAO_BACH_2023.txt,,
docling,PPC_ENG_COMPUTACAO_BACH_2023.pdf,/home/demarco/Desktop/TCC/Trabalho_de_Graduacao/data/documents/PPC_ENG_COMPUTACAO_BACH_2023.pdf,2,sucesso,34.37417883799935,67,497343,99901,14064,3460,,,
docling,PPC_ENG_COMPUTACAO_BACH_2023.pdf,/home/demarco/Desktop/TCC/Trabalho_de_Graduacao/data/documents/PPC_ENG_COMPUTACAO_BACH_2023.pdf,3,sucesso,35.12376544300059,67,497343,99901,14064,3460,,,
docling,PPC_ENG_COMPUTACAO_BACH_2023.pdf,/home/demarco/Desktop/TCC/Trabalho_de_Graduacao/data/documents/PPC_ENG_COMPUTACAO_BACH_2023.pdf,4,sucesso,34.64568873301323,67,497343,99901,14064,3460,,,
docling,PPC_ENG_COMPUTACAO_BACH_2023.pdf,/home/demarco/Desktop/TCC/Trabalho_de_Graduacao/data/documents/PPC_ENG_COMPUTACAO_BACH_2023.pdf,5,sucesso,34.776721190995886,67,497343,99901,14064,3460,,,
docling,Projetos_e_convenios.pdf,/home/demarco/Desktop/TCC/Trabalho_de_Graduacao/data/documents/Projetos_e_convenios.pdf,1,sucesso,2.0573696970095625,4,164581,5419,766,82,/home/demarco/Desktop/TCC/Trabalho_de_Graduacao/results/extractor_benchmark/extracted_texts/docling/Projetos_e_convenios.txt,,
docling,Projetos_e_convenios.pdf,/home/demarco/Desktop/TCC/Trabalho_de_Graduacao/data/documents/Projetos_e_convenios.pdf,2,sucesso,2.0194215800001984,4,164581,5419,766,82,,,
docling,Projetos_e_convenios.pdf,/home/demarco/Desktop/TCC/Trabalho_de_Graduacao/data/documents/Projetos_e_convenios.pdf,3,sucesso,2.0610947349923663,4,164581,5419,766,82,,,
docling,Projetos_e_convenios.pdf,/home/demarco/Desktop/TCC/Trabalho_de_Graduacao/data/documents/Projetos_e_convenios.pdf,4,sucesso,2.0512421720050042,4,164581,5419,766,82,,,
docling,Projetos_e_convenios.pdf,/home/demarco/Desktop/TCC/Trabalho_de_Graduacao/data/documents/Projetos_e_convenios.pdf,5,sucesso,2.0473803680069977,4,164581,5419,766,82,,,
docling,SEI_0116459_Ato_13.pdf,/home/demarco/Desktop/TCC/Trabalho_de_Graduacao/data/documents/SEI_0116459_Ato_13.pdf,1,sucesso,0.9983465819968842,2,49782,2443,354,35,/home/demarco/Desktop/TCC/Trabalho_de_Graduacao/results/extractor_benchmark/extracted_texts/docling/SEI_0116459_Ato_13.txt,,
docling,SEI_0116459_Ato_13.pdf,/home/demarco/Desktop/TCC/Trabalho_de_Graduacao/data/documents/SEI_0116459_Ato_13.pdf,2,sucesso,0.9919864549883641,2,49782,2443,354,35,,,
docling,SEI_0116459_Ato_13.pdf,/home/demarco/Desktop/TCC/Trabalho_de_Graduacao/data/documents/SEI_0116459_Ato_13.pdf,3,sucesso,0.9946019960043486,2,49782,2443,354,35,,,
docling,SEI_0116459_Ato_13.pdf,/home/demarco/Desktop/TCC/Trabalho_de_Graduacao/data/documents/SEI_0116459_Ato_13.pdf,4,sucesso,0.9866390820097877,2,49782,2443,354,35,,,
docling,SEI_0116459_Ato_13.pdf,/home/demarco/Desktop/TCC/Trabalho_de_Graduacao/data/documents/SEI_0116459_Ato_13.pdf,5,sucesso,0.9807553209975595,2,49782,2443,354,35,,,
docling,SEI_0118306_Ato_14.pdf,/home/demarco/Desktop/TCC/Trabalho_de_Graduacao/data/documents/SEI_0118306_Ato_14.pdf,1,sucesso,1.0190590800048085,2,50792,3718,546,57,/home/demarco/Desktop/TCC/Trabalho_de_Graduacao/results/extractor_benchmark/extracted_texts/docling/SEI_0118306_Ato_14.txt,,
docling,SEI_0118306_Ato_14.pdf,/home/demarco/Desktop/TCC/Trabalho_de_Graduacao/data/documents/SEI_0118306_Ato_14.pdf,2,sucesso,1.057454408990452,2,50792,3718,546,57,,,
docling,SEI_0118306_Ato_14.pdf,/home/demarco/Desktop/TCC/Trabalho_de_Graduacao/data/documents/SEI_0118306_Ato_14.pdf,3,sucesso,1.0264038199966308,2,50792,3718,546,57,,,
docling,SEI_0118306_Ato_14.pdf,/home/demarco/Desktop/TCC/Trabalho_de_Graduacao/data/documents/SEI_0118306_Ato_14.pdf,4,sucesso,1.0303182770003332,2,50792,3718,546,57,,,
docling,SEI_0118306_Ato_14.pdf,/home/demarco/Desktop/TCC/Trabalho_de_Graduacao/data/documents/SEI_0118306_Ato_14.pdf,5,sucesso,1.0015151929983404,2,50792,3718,546,57,,,
docling,SEI_0379082_Ato_1.pdf,/home/demarco/Desktop/TCC/Trabalho_de_Graduacao/data/documents/SEI_0379082_Ato_1.pdf,1,sucesso,1.0296857490029652,2,62513,3539,524,54,/home/demarco/Desktop/TCC/Trabalho_de_Graduacao/results/extractor_benchmark/extracted_texts/docling/SEI_0379082_Ato_1.txt,,
docling,SEI_0379082_Ato_1.pdf,/home/demarco/Desktop/TCC/Trabalho_de_Graduacao/data/documents/SEI_0379082_Ato_1.pdf,2,sucesso,0.9993760759971337,2,62513,3539,524,54,,,
docling,SEI_0379082_Ato_1.pdf,/home/demarco/Desktop/TCC/Trabalho_de_Graduacao/data/documents/SEI_0379082_Ato_1.pdf,3,sucesso,1.0385017189983046,2,62513,3539,524,54,,,
docling,SEI_0379082_Ato_1.pdf,/home/demarco/Desktop/TCC/Trabalho_de_Graduacao/data/documents/SEI_0379082_Ato_1.pdf,4,sucesso,1.023318367995671,2,62513,3539,524,54,,,
docling,SEI_0379082_Ato_1.pdf,/home/demarco/Desktop/TCC/Trabalho_de_Graduacao/data/documents/SEI_0379082_Ato_1.pdf,5,sucesso,1.0247124349989463,2,62513,3539,524,54,,,
docling,SEI_0636095_Ato_3.pdf,/home/demarco/Desktop/TCC/Trabalho_de_Graduacao/data/documents/SEI_0636095_Ato_3.pdf,1,sucesso,3.654899993998697,7,80209,17668,2546,269,/home/demarco/Desktop/TCC/Trabalho_de_Graduacao/results/extractor_benchmark/extracted_texts/docling/SEI_0636095_Ato_3.txt,,
docling,SEI_0636095_Ato_3.pdf,/home/demarco/Desktop/TCC/Trabalho_de_Graduacao/data/documents/SEI_0636095_Ato_3.pdf,2,sucesso,3.719040149997454,7,80209,17668,2546,269,,,
docling,SEI_0636095_Ato_3.pdf,/home/demarco/Desktop/TCC/Trabalho_de_Graduacao/data/documents/SEI_0636095_Ato_3.pdf,3,sucesso,3.777361774002202,7,80209,17668,2546,269,,,
docling,SEI_0636095_Ato_3.pdf,/home/demarco/Desktop/TCC/Trabalho_de_Graduacao/data/documents/SEI_0636095_Ato_3.pdf,4,sucesso,3.810852498994791,7,80209,17668,2546,269,,,
docling,SEI_0636095_Ato_3.pdf,/home/demarco/Desktop/TCC/Trabalho_de_Graduacao/data/documents/SEI_0636095_Ato_3.pdf,5,sucesso,3.8111482259992044,7,80209,17668,2546,269,,,
docling,manual_sistema_de_agendamentos.pdf,/home/demarco/Desktop/TCC/Trabalho_de_Graduacao/data/documents/manual_sistema_de_agendamentos.pdf,1,sucesso,7.253165155998431,14,1786438,12155,1135,164,/home/demarco/Desktop/TCC/Trabalho_de_Graduacao/results/extractor_benchmark/extracted_texts/docling/manual_sistema_de_agendamentos.txt,,
docling,manual_sistema_de_agendamentos.pdf,/home/demarco/Desktop/TCC/Trabalho_de_Graduacao/data/documents/manual_sistema_de_agendamentos.pdf,2,sucesso,7.04753431599238,14,1786438,12155,1135,164,,,
docling,manual_sistema_de_agendamentos.pdf,/home/demarco/Desktop/TCC/Trabalho_de_Graduacao/data/documents/manual_sistema_de_agendamentos.pdf,3,sucesso,7.114284402996418,14,1786438,12155,1135,164,,,
docling,manual_sistema_de_agendamentos.pdf,/home/demarco/Desktop/TCC/Trabalho_de_Graduacao/data/documents/manual_sistema_de_agendamentos.pdf,4,sucesso,7.1569884110067505,14,1786438,12155,1135,164,,,
docling,manual_sistema_de_agendamentos.pdf,/home/demarco/Desktop/TCC/Trabalho_de_Graduacao/data/documents/manual_sistema_de_agendamentos.pdf,5,sucesso,7.073609291997855,14,1786438,12155,1135,164,,,
docling,manual_vpn_c3.pdf,/home/demarco/Desktop/TCC/Trabalho_de_Graduacao/data/documents/manual_vpn_c3.pdf,1,sucesso,7.1003930419974495,14,857656,6624,1123,225,/home/demarco/Desktop/TCC/Trabalho_de_Graduacao/results/extractor_benchmark/extracted_texts/docling/manual_vpn_c3.txt,,
docling,manual_vpn_c3.pdf,/home/demarco/Desktop/TCC/Trabalho_de_Graduacao/data/documents/manual_vpn_c3.pdf,2,sucesso,7.150680981008918,14,857656,6624,1123,225,,,
docling,manual_vpn_c3.pdf,/home/demarco/Desktop/TCC/Trabalho_de_Graduacao/data/documents/manual_vpn_c3.pdf,3,sucesso,7.3028427609970095,14,857656,6624,1123,225,,,
docling,manual_vpn_c3.pdf,/home/demarco/Desktop/TCC/Trabalho_de_Graduacao/data/documents/manual_vpn_c3.pdf,4,sucesso,7.197493803992984,14,857656,6624,1123,225,,,
docling,manual_vpn_c3.pdf,/home/demarco/Desktop/TCC/Trabalho_de_Graduacao/data/documents/manual_vpn_c3.pdf,5,sucesso,7.122891905994038,14,857656,6624,1123,225,,,
docling,normaeventoproapdiscente_2.pdf,/home/demarco/Desktop/TCC/Trabalho_de_Graduacao/data/documents/normaeventoproapdiscente_2.pdf,1,sucesso,1.0046324319991982,2,66833,1878,288,97,/home/demarco/Desktop/TCC/Trabalho_de_Graduacao/results/extractor_benchmark/extracted_texts/docling/normaeventoproapdiscente_2.txt,,
docling,normaeventoproapdiscente_2.pdf,/home/demarco/Desktop/TCC/Trabalho_de_Graduacao/data/documents/normaeventoproapdiscente_2.pdf,2,sucesso,0.9932509409991326,2,66833,1878,288,97,,,
docling,normaeventoproapdiscente_2.pdf,/home/demarco/Desktop/TCC/Trabalho_de_Graduacao/data/documents/normaeventoproapdiscente_2.pdf,3,sucesso,0.9812027829902945,2,66833,1878,288,97,,,
docling,normaeventoproapdiscente_2.pdf,/home/demarco/Desktop/TCC/Trabalho_de_Graduacao/data/documents/normaeventoproapdiscente_2.pdf,4,sucesso,1.0081724780029617,2,66833,1878,288,97,,,
docling,normaeventoproapdiscente_2.pdf,/home/demarco/Desktop/TCC/Trabalho_de_Graduacao/data/documents/normaeventoproapdiscente_2.pdf,5,sucesso,1.0199223090021405,2,66833,1878,288,97,,,
docling,normaseminariodeandamento.pdf,/home/demarco/Desktop/TCC/Trabalho_de_Graduacao/data/documents/normaseminariodeandamento.pdf,1,sucesso,1.0041456210019533,2,83427,2538,408,43,/home/demarco/Desktop/TCC/Trabalho_de_Graduacao/results/extractor_benchmark/extracted_texts/docling/normaseminariodeandamento.txt,,
docling,normaseminariodeandamento.pdf,/home/demarco/Desktop/TCC/Trabalho_de_Graduacao/data/documents/normaseminariodeandamento.pdf,2,sucesso,1.028817556987633,2,83427,2538,408,43,,,
docling,normaseminariodeandamento.pdf,/home/demarco/Desktop/TCC/Trabalho_de_Graduacao/data/documents/normaseminariodeandamento.pdf,3,sucesso,1.0174771689926274,2,83427,2538,408,43,,,
docling,normaseminariodeandamento.pdf,/home/demarco/Desktop/TCC/Trabalho_de_Graduacao/data/documents/normaseminariodeandamento.pdf,4,sucesso,1.03418230600073,2,83427,2538,408,43,,,
docling,normaseminariodeandamento.pdf,/home/demarco/Desktop/TCC/Trabalho_de_Graduacao/data/documents/normaseminariodeandamento.pdf,5,sucesso,1.0186258970061317,2,83427,2538,408,43,,,
docling,regimento_c3.pdf,/home/demarco/Desktop/TCC/Trabalho_de_Graduacao/data/documents/regimento_c3.pdf,1,sucesso,4.3152803239936475,6,3166271,0,0,0,/home/demarco/Desktop/TCC/Trabalho_de_Graduacao/results/extractor_benchmark/extracted_texts/docling/regimento_c3.txt,,
docling,regimento_c3.pdf,/home/demarco/Desktop/TCC/Trabalho_de_Graduacao/data/documents/regimento_c3.pdf,2,sucesso,4.280836973994155,6,3166271,0,0,0,,,
docling,regimento_c3.pdf,/home/demarco/Desktop/TCC/Trabalho_de_Graduacao/data/documents/regimento_c3.pdf,3,sucesso,4.262638251006138,6,3166271,0,0,0,,,
docling,regimento_c3.pdf,/home/demarco/Desktop/TCC/Trabalho_de_Graduacao/data/documents/regimento_c3.pdf,4,sucesso,4.260586853008135,6,3166271,0,0,0,,,
docling,regimento_c3.pdf,/home/demarco/Desktop/TCC/Trabalho_de_Graduacao/data/documents/regimento_c3.pdf,5,sucesso,4.308200133003993,6,3166271,0,0,0,,,
docling,regulamento.pdf,/home/demarco/Desktop/TCC/Trabalho_de_Graduacao/data/documents/regulamento.pdf,1,sucesso,1.0669420390040614,2,29972,5412,830,102,/home/demarco/Desktop/TCC/Trabalho_de_Graduacao/results/extractor_benchmark/extracted_texts/docling/regulamento.txt,,
docling,regulamento.pdf,/home/demarco/Desktop/TCC/Trabalho_de_Graduacao/data/documents/regulamento.pdf,2,sucesso,1.099224071003846,2,29972,5412,830,102,,,
docling,regulamento.pdf,/home/demarco/Desktop/TCC/Trabalho_de_Graduacao/data/documents/regulamento.pdf,3,sucesso,1.0688918449886842,2,29972,5412,830,102,,,
docling,regulamento.pdf,/home/demarco/Desktop/TCC/Trabalho_de_Graduacao/data/documents/regulamento.pdf,4,sucesso,1.096416610002052,2,29972,5412,830,102,,,
docling,regulamento.pdf,/home/demarco/Desktop/TCC/Trabalho_de_Graduacao/data/documents/regulamento.pdf,5,sucesso,1.1167680830112658,2,29972,5412,830,102,,,
